stock_code,year,year_end_price
60310,2024,1848
95570,2024,4305
6840,2024,9640
54620,2024,5260
265520,2024,15760
211270,2024,12630
109960,2024,521
139050,2024,2805
27410,2024,3450
282330,2024,102500
126600,2024,2830
138930,2024,10340
1460,2024,29500
83790,2024,2405
1040,2024,99100
79160,2024,5290
35760,2024,53700
311690,2024,10090
120,2024,84400
11150,2024,2905
97950,2024,255500
51500,2024,17460
58820,2024,1768
56730,2024,691
65770,2024,1753
83660,2024,1030
590,2024,68900
12030,2024,1304
5830,2024,102800
16610,2024,5170
990,2024,33150
99520,2024,1284
60900,2024,994
300,2024,1984
290120,2024,2210
25440,2024,819
15590,2024,515
210,2024,31600
375500,2024,32150
68790,2024,5880
7340,2024,18330
4840,2024,4065
241520,2024,2880
155660,2024,3815
69730,2024,3610
17860,2024,30450
180400,2024,1859
92780,2024,4680
17940,2024,68700
418620,2024,5400
245620,2024,415
37370,2024,5750
278990,2024,4135
365550,2024,4255
50120,2024,1894
383220,2024,54300
7700,2024,12060
214270,2024,1806
130500,2024,2720
114090,2024,11040
900290,2024,3275
78930,2024,39300
83450,2024,16740
6360,2024,17350
1250,2024,2675
7070,2024,16500
499790,2024,22200
297890,2024,2705
440290,2024,1580
78150,2024,1947
225530,2024,4705
60560,2024,855
12630,2024,11910
39570,2024,8610
89470,2024,3545
294870,2024,18050
9540,2024,228000
267250,2024,79200
267270,2024,58300
443060,2024,161400
71970,2024,24450
10620,2024,134200
322000,2024,20200
42670,2024,6890
267260,2024,382000
329180,2024,287500
97230,2024,5930
195940,2024,35850
14790,2024,2215
28300,2024,73100
3580,2024,4080
278650,2024,2095
343090,2024,1993
67630,2024,10010
24850,2024,2510
187420,2024,4460
47920,2024,24100
115450,2024,11710
46210,2024,2820
196300,2024,11740
204320,2024,40650
60980,2024,34250
11200,2024,17660
403870,2024,26050
36640,2024,4625
35000,2024,6340
2460,2024,9690
487570,2024,29850
298050,2024,174600
442770,2024,2085
448760,2024,2100
467930,2024,2055
469480,2024,2065
15360,2024,50400
95340,2024,72100
175330,2024,16280
950170,2024,4020
234080,2024,10880
67290,2024,1509
1060,2024,24000
96760,2024,3020
35900,2024,69900
318000,2024,4680
24840,2024,1933
105560,2024,82900
432320,2024,3890
24120,2024,3160
455250,2024,2040
464680,2024,1949
478390,2024,1991
486630,2024,2005
492220,2024,1926
21320,2024,4005
9440,2024,858
119650,2024,595
44180,2024,609
92220,2024,780
46440,2024,4745
3620,2024,3770
16380,2024,5530
151860,2024,4740
35600,2024,8840
1390,2024,3730
226360,2024,2555
111870,2024,8910
33180,2024,6630
60720,2024,8140
1940,2024,19960
58400,2024,796
25000,2024,43850
92230,2024,52700
40,2024,454
44450,2024,8760
101000,2024,2165
58850,2024,2680
58860,2024,2610
89600,2024,13900
418470,2024,14400
43610,2024,2095
122450,2024,3035
52900,2024,873
36560,2024,12540
61970,2024,3560
309960,2024,3185
93050,2024,15500
3550,2024,72000
34220,2024,9130
51900,2024,305000
373220,2024,348000
32640,2024,10330
11070,2024,162000
66570,2024,83500
37560,2024,2430
51910,2024,250000
79550,2024,220500
225190,2024,2600
6260,2024,94300
680,2024,2775
60370,2024,14790
417200,2024,11780
229640,2024,31000
78020,2024,3830
322180,2024,4585
108320,2024,56900
1120,2024,27050
108670,2024,31900
383800,2024,6860
476080,2024,14500
86960,2024,990
23150,2024,5550
35420,2024,198900
160550,2024,2140
53290,2024,3640
60250,2024,7100
104200,2024,2745
400760,2024,3370
5940,2024,13950
338100,2024,4050
34310,2024,10870
63570,2024,4630
30190,2024,12180
8260,2024,3495
222160,2024,8040
456040,2024,58500
10060,2024,58800
178920,2024,16890
1340,2024,7130
24940,2024,7790
5490,2024,253500
332570,2024,2760
218410,2024,13100
327260,2024,4775
474610,2024,3905
419530,2024,12730
19550,2024,761
950110,2024,4975
34120,2024,22150
3080,2024,2480
246960,2024,8240
99220,2024,1107
36540,2024,3085
255220,2024,2860
49470,2024,289
184230,2024,464
16250,2024,12700
5090,2024,24700
40610,2024,1594
1380,2024,3320
4060,2024,320
1770,2024,13640
2360,2024,527
9160,2024,3755
33530,2024,3950
34730,2024,131500
357880,2024,2280
11790,2024,105100
18670,2024,207000
1740,2024,4150
6120,2024,38800
210980,2024,7230
395400,2024,4425
302440,2024,50400
402340,2024,79300
361610,2024,22550
100090,2024,12870
96770,2024,112000
475150,2024,12050
1510,2024,463
457940,2024,2065
472230,2024,2025
473000,2024,2065
473950,2024,1986
455910,2024,2090
285130,2024,44300
17670,2024,55200
91340,2024,2455
660,2024,173900
48550,2024,1400
63440,2024,1260
3570,2024,18710
64960,2024,40300
100840,2024,23900
36530,2024,22500
67160,2024,90900
10950,2024,54800
5610,2024,50300
11810,2024,4355
465770,2024,7930
77970,2024,20100
2820,2024,2965
289080,2024,1323
2710,2024,27200
13720,2024,806
89230,2024,868
32540,2024,4695
7980,2024,1412
48770,2024,1955
246690,2024,914
317240,2024,279
2900,2024,4390
24070,2024,2090
57030,2024,4410
37270,2024,3615
40300,2024,3070
51390,2024,3615
52220,2024,3340
139130,2024,8180
79940,2024,16470
78890,2024,2975
500,2024,54200
399720,2024,39100
36620,2024,3080
860,2024,25300
198440,2024,1203
217730,2024,2020
35250,2024,15970
114190,2024,8950
94480,2024,7620
11420,2024,1930
39240,2024,4545
53950,2024,801
2100,2024,9000
9450,2024,87800
267290,2024,17700
12320,2024,61000
11040,2024,6130
50,2024,6350
214390,2024,6220
12610,2024,2715
9140,2024,20250
24910,2024,1923
13580,2024,12890
12200,2024,1527
2140,2024,2585
49720,2024,10110
10130,2024,1006000
2240,2024,17850
14570,2024,4595
348150,2024,5360
950190,2024,8790
98460,2024,8110
35290,2024,404
215000,2024,65400
121440,2024,3465
366030,2024,3650
9290,2024,5440
86220,2024,1655
14200,2024,30200
17040,2024,1553
29480,2024,2485
17900,2024,1719
37710,2024,28850
26910,2024,1960
421800,2024,2710
440790,2024,2100
456490,2024,2070
465320,2024,2085
482520,2024,1973
489210,2024,1969
30610,2024,5560
339770,2024,5460
53270,2024,1981
7690,2024,31600
1140,2024,2110
66620,2024,18050
43650,2024,4600
6050,2024,1553
60480,2024,1730
78130,2024,800
307750,2024,3515
2720,2024,5060
35080,2024,12060
453450,2024,16580
204020,2024,2900
402490,2024,17870
114450,2024,1604
83420,2024,6830
186230,2024,7440
14530,2024,3580
900070,2024,406
204620,2024,3405
19660,2024,591
14280,2024,3900
53260,2024,3920
8870,2024,58400
1570,2024,21200
282720,2024,9200
2990,2024,2680
11780,2024,90600
214330,2024,624
1210,2024,940
73240,2024,4775
36190,2024,24550
49080,2024,548
420770,2024,24550
35460,2024,1750
92440,2024,2465
270,2024,100700
24110,2024,14330
13700,2024,1260
4540,2024,2295
407400,2024,8240
187790,2024,1025
121600,2024,58200
286750,2024,1988
247660,2024,6610
39860,2024,3255
91970,2024,684
417010,2024,7100
405920,2024,3095
51490,2024,3745
137080,2024,4090
190510,2024,13220
242040,2024,1436
293580,2024,1161
257990,2024,4685
138610,2024,15980
130580,2024,4820
36800,2024,17940
267320,2024,1909
1260,2024,7960
8350,2024,1495
4270,2024,1124
3920,2024,58700
25860,2024,6130
111710,2024,5130
91590,2024,3915
168330,2024,1351
94860,2024,1005
253590,2024,8740
212560,2024,7850
95660,2024,18890
42420,2024,17750
950220,2024,1125
311390,2024,5480
85910,2024,3150
92730,2024,11850
290660,2024,884
306620,2024,2700
153460,2024,6750
7390,2024,21500
33640,2024,6550
330860,2024,10430
351320,2024,1312
5720,2024,4570
2350,2024,6010
89140,2024,2795
389650,2024,41000
137940,2024,510
396270,2024,13580
348210,2024,51100
92790,2024,7450
225570,2024,13390
205500,2024,2990
217270,2024,5440
251270,2024,51700
317860,2024,5900
104620,2024,4600
90350,2024,7940
320,2024,12880
473980,2024,20600
194700,2024,7500
285490,2024,14660
283100,2024,680
145170,2024,7480
106520,2024,411
376930,2024,2975
6280,2024,179500
142280,2024,3580
234690,2024,10060
5250,2024,17320
65560,2024,353
4370,2024,374000
72710,2024,63400
54050,2024,7110
69140,2024,1335
40160,2024,2760
332290,2024,993
348340,2024,28750
60260,2024,1155
123840,2024,1616
12340,2024,485
270870,2024,5520
144960,2024,4420
85670,2024,5460
64260,2024,2845
340360,2024,2030
39560,2024,3400
154040,2024,1121
58730,2024,2855
30210,2024,3135
23590,2024,17870
32190,2024,10160
323350,2024,5000
68240,2024,9000
145210,2024,1572
464580,2024,5510
19680,2024,2520
6370,2024,5250
8060,2024,6600
353200,2024,15500
490,2024,9220
20400,2024,6480
8830,2024,13150
48470,2024,3125
8110,2024,15040
4780,2024,3910
5750,2024,3655
17650,2024,6600
6570,2024,2605
389260,2024,11300
317850,2024,8850
290670,2024,17020
78140,2024,13440
65150,2024,145
1680,2024,19190
84690,2024,10180
36480,2024,9090
128820,2024,3265
117580,2024,8490
27830,2024,1810
104040,2024,826
129920,2024,3290
16710,2024,7030
438220,2024,2605
442310,2024,2095
457390,2024,2170
457630,2024,2095
471050,2024,2035
478780,2024,1998
482690,2024,1999
20180,2024,984
3540,2024,16070
45390,2024,3030
9190,2024,1541
108380,2024,12850
6580,2024,5320
14160,2024,1004
47040,2024,3105
3090,2024,21600
69620,2024,126400
7680,2024,4055
430,2024,3890
48910,2024,7640
5710,2024,5910
6340,2024,2975
3220,2024,14250
24890,2024,995
290380,2024,2300
2880,2024,1150
120240,2024,12880
3310,2024,1416
78600,2024,74800
12800,2024,1240
15230,2024,4980
96350,2024,308
140520,2024,2095
131220,2024,4630
10170,2024,854
54670,2024,6870
1070,2024,5310
23910,2024,26200
6650,2024,77700
1440,2024,11150
84010,2024,16620
1790,2024,2670
1130,2024,126400
3490,2024,22600
5880,2024,1674
3830,2024,104700
16090,2024,2335
69460,2024,1281
21040,2024,892
67080,2024,10940
298540,2024,9320
32860,2024,1197
161570,2024,113
214610,2024,1397
475560,2024,32000
192080,2024,53900
393890,2024,11090
299170,2024,1273
12510,2024,63700
224060,2024,4000
43090,2024,263
213420,2024,27750
317330,2024,29650
77360,2024,3850
4830,2024,6720
90410,2024,1505
263600,2024,4735
194480,2024,27700
263800,2024,4440
206560,2024,7160
261200,2024,5950
145720,2024,62200
67990,2024,4540
2150,2024,6540
6620,2024,4800
100130,2024,2420
5160,2024,4430
460850,2024,5950
75970,2024,2575
460860,2024,8000
86450,2024,16520
1230,2024,7370
23450,2024,31700
4140,2024,2165
99410,2024,3055
7590,2024,6180
5960,2024,3825
26960,2024,27350
2210,2024,4630
102260,2024,3745
33500,2024,14920
25950,2024,44850
640,2024,109800
170900,2024,58800
88130,2024,3585
28100,2024,13560
282690,2024,13500
41930,2024,5360
1520,2024,694
84670,2024,7350
82640,2024,4490
60380,2024,1391
79960,2024,17930
8970,2024,650
228340,2024,1762
88910,2024,1930
94170,2024,17990
49770,2024,31050
13120,2024,2355
18500,2024,1905
6040,2024,36950
30720,2024,5090
14820,2024,40300
111380,2024,18260
163560,2024,6780
109860,2024,8100
32960,2024,10400
4890,2024,39550
23790,2024,1012
2690,2024,1297
5290,2024,20900
25900,2024,8280
20,2024,6300
150,2024,255000
454910,2024,52300
241560,2024,41900
34020,2024,17550
131970,2024,25000
336260,2024,15960
16740,2024,3130
73190,2024,1920
176750,2024,8150
30350,2024,1430
203650,2024,3850
223250,2024,2950
60570,2024,1682
362990,2024,1780
192650,2024,7270
16670,2024,3615
187870,2024,11960
477760,2024,2035
456440,2024,2275
489730,2024,1933
24090,2024,11370
3160,2024,14480
1530,2024,49200
92200,2024,3680
110990,2024,12540
263690,2024,5680
214680,2024,2280
347850,2024,48600
377190,2024,2945
263720,2024,21000
376300,2024,36050
109740,2024,4435
31860,2024,1677
196490,2024,203
66900,2024,2310
92070,2024,8820
1880,2024,14350
39840,2024,16140
13570,2024,3875
24900,2024,2980
219550,2024,482
310870,2024,1615
210540,2024,11080
104460,2024,12900
79810,2024,5130
113810,2024,1590
43360,2024,1979
197140,2024,2325
68930,2024,6900
33130,2024,1649
105740,2024,7280
263020,2024,3010
290550,2024,7920
66670,2024,2940
187220,2024,3345
383930,2024,5800
131180,2024,839
315640,2024,5470
223310,2024,2595
317120,2024,3210
462510,2024,8160
42510,2024,2060
232680,2024,6220
418420,2024,3550
300120,2024,3905
171120,2024,2520
388790,2024,3140
214260,2024,14870
115390,2024,8660
171010,2024,2940
84650,2024,2490
217500,2024,1446
38390,2024,8590
294140,2024,2860
443250,2024,12000
228670,2024,5820
228850,2024,6150
412350,2024,3760
199550,2024,5320
281740,2024,10960
277810,2024,162700
215100,2024,3865
90360,2024,21900
238500,2024,259
108490,2024,23250
900260,2024,577
214310,2024,835
67730,2024,2815
71280,2024,17690
32350,2024,7650
89860,2024,29950
330590,2024,3050
400,2024,2015
23530,2024,54100
20150,2024,23600
280360,2024,111600
286940,2024,19370
4000,2024,39350
4990,2024,21800
5300,2024,112000
11170,2024,59800
71840,2024,7250
328130,2024,63800
38060,2024,1067
474170,2024,10370
141080,2024,109000
58470,2024,191600
16100,2024,2455
12700,2024,4020
302550,2024,3600
73570,2024,1450
377450,2024,12820
277070,2024,4030
42500,2024,4735
193250,2024,573
219420,2024,5500
439090,2024,14610
27740,2024,825
195500,2024,2810
357430,2024,1535
377480,2024,18920
305090,2024,9910
98120,2024,5120
424980,2024,6290
38290,2024,16480
1080,2024,29650
267980,2024,34750
5990,2024,8520
93520,2024,8230
100590,2024,4015
67280,2024,29900
72870,2024,10690
215200,2024,43800
133750,2024,2045
446540,2024,3090
235980,2024,4435
41920,2024,4790
14100,2024,2605
54180,2024,320
86900,2024,124800
78160,2024,11520
138040,2024,104000
408920,2024,1980
21880,2024,278
140410,2024,30850
241770,2024,8340
90370,2024,1308
59210,2024,3710
118000,2024,282
58110,2024,1937
17180,2024,1819
9900,2024,10310
12690,2024,2905
5360,2024,2140
70960,2024,3210
434480,2024,3280
80420,2024,2025
417970,2024,8900
80160,2024,9700
87260,2024,2015
101330,2024,2730
12860,2024,1361
363260,2024,1688
348030,2024,5090
250060,2024,2730
288980,2024,1250
142760,2024,1209
33200,2024,2940
333050,2024,1250
9680,2024,8440
118990,2024,9490
6920,2024,2930
38340,2024,1233
9580,2024,2835
1810,2024,1610
9200,2024,2050
33920,2024,6320
8420,2024,2320
279600,2024,11300
95500,2024,7620
254490,2024,10840
25560,2024,802
218150,2024,3835
7120,2024,861
396690,2024,2585
442900,2024,9950
357250,2024,2470
100790,2024,4580
412930,2024,2695
446190,2024,2155
448830,2024,2095
477380,2024,1977
477470,2024,2015
478440,2024,1965
482680,2024,1955
85620,2024,5270
6800,2024,8030
49950,2024,19660
207760,2024,1124
81660,2024,40300
2840,2024,188000
268280,2024,149600
107590,2024,78300
134380,2024,78800
351020,2024,6800
3650,2024,89400
59090,2024,8020
201490,2024,1790
452200,2024,4790
206640,2024,16780
18700,2024,1033
35620,2024,416
53030,2024,18340
301300,2024,3740
377740,2024,4710
64550,2024,18850
314930,2024,16100
86820,2024,21500
38460,2024,3080
251120,2024,13820
199730,2024,6400
86040,2024,3335
99430,2024,7310
32980,2024,570
308080,2024,2500
43150,2024,18880
323990,2024,10430
3610,2024,4270
267790,2024,4630
46310,2024,2195
35150,2024,13160
331520,2024,603
199480,2024,6490
438700,2024,2855
66410,2024,1153
2410,2024,2550
382900,2024,12830
206400,2024,2905
19010,2024,2045
177350,2024,202
457600,2024,4085
424760,2024,802
7210,2024,1838
250000,2024,9770
2760,2024,1086
3850,2024,10290
310210,2024,80000
6910,2024,2550
890,2024,488
226340,2024,1370
3000,2024,4590
1270,2024,27300
26940,2024,2395
14470,2024,1615
11390,2024,74500
5030,2024,486
8470,2024,3780
338220,2024,24200
100120,2024,21200
406820,2024,10510
99390,2024,5040
64480,2024,5560
288330,2024,3750
365900,2024,2710
89970,2024,6870
251630,2024,3960
18290,2024,40000
439580,2024,11840
33560,2024,2830
369370,2024,1657
126340,2024,28500
121800,2024,3320
148140,2024,109
82800,2024,6880
318410,2024,7770
2070,2024,877
100220,2024,4310
419540,2024,1670
146320,2024,8060
200780,2024,4670
413640,2024,7790
141000,2024,7160
90460,2024,17370
83650,2024,15440
445360,2024,2055
473370,2024,1975
65170,2024,234
86670,2024,7310
335890,2024,8050
230980,2024,229
138580,2024,15850
82920,2024,21150
54220,2024,535
42370,2024,6730
30790,2024,19
50090,2024,693
148780,2024,967
307870,2024,960
377030,2024,1267
32850,2024,4930
238200,2024,2945
93190,2024,4335
65450,2024,4100
44480,2024,474
5180,2024,81400
69540,2024,976
72950,2024,3525
266170,2024,600
451250,2024,9560
143240,2024,17460
466410,2024,16490
3960,2024,40600
8040,2024,964
7160,2024,34850
14710,2024,4625
6090,2024,8050
452430,2024,14170
419120,2024,5700
62040,2024,68600
122350,2024,1215
419050,2024,1699
14970,2024,3345
18310,2024,21000
12210,2024,1995
53700,2024,4220
9620,2024,2515
23600,2024,8170
1470,2024,942
28050,2024,16550
448730,2024,4600
6400,2024,247500
6660,2024,8890
425290,2024,2100
439250,2024,10360
468510,2024,1882
380320,2024,2040
28260,2024,114800
207940,2024,949000
32830,2024,94800
448740,2024,10030
18260,2024,127800
9150,2024,123800
5930,2024,53200
1360,2024,1538
10140,2024,11300
16360,2024,43500
68290,2024,14810
29780,2024,39450
810,2024,358500
6110,2024,33850
9300,2024,16710
145990,2024,47600
3230,2024,765000
36670,2024,6610
2170,2024,49700
272550,2024,16380
70,2024,65500
3720,2024,3700
2810,2024,12730
361670,2024,4565
54540,2024,4605
65570,2024,1740
5680,2024,9850
23000,2024,2345
4380,2024,8470
2450,2024,1165
32280,2024,2590
2290,2024,3890
4440,2024,3330
520,2024,13150
9770,2024,25600
37460,2024,8630
32750,2024,4160
54090,2024,721
5500,2024,18070
250,2024,148500
4690,2024,88800
24950,2024,4120
38500,2024,2945
437730,2024,9220
17480,2024,4475
10960,2024,3065
46390,2024,1300
4450,2024,30500
9470,2024,31200
11230,2024,3185
1820,2024,27550
390,2024,6140
27580,2024,1245
38540,2024,1471
415580,2024,2105
452670,2024,1967
1290,2024,425
41650,2024,2895
91580,2024,7420
263810,2024,2820
89980,2024,18300
42940,2024,4755
42600,2024,9830
75180,2024,3280
107600,2024,15530
411080,2024,6580
252990,2024,3920
7540,2024,37700
248170,2024,24750
378800,2024,3500
294630,2024,3400
38070,2024,7110
6730,2024,5420
79650,2024,1235
100660,2024,3620
7860,2024,6750
200880,2024,11770
19770,2024,3390
17390,2024,49800
43710,2024,560
92190,2024,3060
46890,2024,7300
4410,2024,148
63170,2024,6780
27040,2024,228
18680,2024,3310
36120,2024,2450
21050,2024,1152
93920,2024,5470
189860,2024,3865
178320,2024,26850
122690,2024,1916
140070,2024,2555
11370,2024,850
65710,2024,20650
8490,2024,12690
35890,2024,1595
357550,2024,39300
3100,2024,14490
7610,2024,3000
67370,2024,6950
217620,2024,3810
171090,2024,41650
136490,2024,5640
86710,2024,9050
14620,2024,23250
37350,2024,4900
14910,2024,1059
4980,2024,7450
11300,2024,702
458650,2024,17010
81580,2024,3575
45300,2024,2520
15750,2024,4965
365340,2024,35500
180,2024,1318
80470,2024,3575
43260,2024,1121
148150,2024,8250
2420,2024,5030
188260,2024,2555
53060,2024,992
340440,2024,1135
17510,2024,4560
4360,2024,11160
4490,2024,71900
11560,2024,10100
267080,2024,2295
396300,2024,2300
1430,2024,19760
306200,2024,120700
3030,2024,180500
19440,2024,13100
58650,2024,95600
13000,2024,1416
100700,2024,2465
24830,2024,5780
91090,2024,1270
21820,2024,7250
67830,2024,2005
258830,2024,412
36630,2024,398
39310,2024,1568
75580,2024,8440
67770,2024,2320
53450,2024,5440
222810,2024,1080
252500,2024,817
321370,2024,1604
347000,2024,1908
331920,2024,3275
352770,2024,520
471820,2024,4915
49180,2024,2540
299660,2024,5060
268600,2024,6680
108860,2024,11640
208370,2024,4055
318160,2024,3150
308430,2024,11800
68270,2024,187500
68760,2024,56700
91990,2024,75900
68940,2024,778
7720,2024,867
60230,2024,924
290690,2024,8350
950200,2024,4050
32680,2024,292
258790,2024,987
66910,2024,1040
215090,2024,1505
336370,2024,8200
248070,2024,19210
35610,2024,3925
357780,2024,165400
36830,2024,36100
304100,2024,22350
328380,2024,867
4430,2024,11190
86980,2024,3150
17550,2024,1890
50960,2024,16210
126720,2024,19410
84180,2024,5780
253840,2024,5330
298830,2024,4360
236200,2024,24350
94840,2024,6600
192440,2024,19370
424960,2024,14370
136510,2024,62
99440,2024,3450
276040,2024,3005
204210,2024,2525
60240,2024,441
115570,2024,2505
330730,2024,3765
352090,2024,3095
253450,2024,43050
408900,2024,2420
204630,2024,4650
415380,2024,8270
26890,2024,8630
13810,2024,3520
347700,2024,3955
49830,2024,7470
20710,2024,4045
33170,2024,864
48870,2024,2595
25320,2024,5930
134790,2024,22200
340810,2024,3195
269620,2024,889
480,2024,5700
56090,2024,1008
429270,2024,5240
418250,2024,6550
131090,2024,855
462870,2024,63400
16590,2024,5730
290520,2024,2280
29530,2024,37500
4970,2024,9390
1000,2024,984
25870,2024,6120
215600,2024,2510
65350,2024,115900
416180,2024,28600
11930,2024,1171
5390,2024,2170
4170,2024,133000
35510,2024,14500
34300,2024,18110
31430,2024,10100
31440,2024,36000
6880,2024,6230
162300,2024,2640
290560,2024,5880
2800,2024,5430
472220,2024,2055
430220,2024,2100
445970,2024,2115
5800,2024,9140
1720,2024,76000
419270,2024,5200
9270,2024,1467
17000,2024,2800
2700,2024,1410
12790,2024,6430
138070,2024,2495
226330,2024,5250
2870,2024,1268
19170,2024,10310
481850,2024,2030
404990,2024,3435
293940,2024,5640
418210,2024,2245
452980,2024,1942
474660,2024,2000
474930,2024,2080
487360,2024,1924
487830,2024,1991
393360,2024,2075
405640,2024,3920
55550,2024,47650
56700,2024,1691
187270,2024,2965
4080,2024,14300
243840,2024,5120
257720,2024,32700
222800,2024,11030
36710,2024,1042
160980,2024,8530
356890,2024,2810
217330,2024,4535
102280,2024,13450
3410,2024,7000
4770,2024,2075
208640,2024,295
222420,2024,618
37760,2024,1427
99320,2024,40050
49960,2024,14270
88280,2024,2375
403550,2024,18200
50890,2024,6640
394800,2024,5120
177900,2024,7690
475400,2024,24000
109670,2024,8070
66790,2024,1500
222080,2024,7400
4920,2024,1130
352480,2024,45700
23460,2024,109
264660,2024,9310
352700,2024,2800
458870,2024,10510
297090,2024,4375
112610,2024,41900
900120,2024,66
359090,2024,1162
115530,2024,391
115480,2024,672
376290,2024,2865
189330,2024,5700
96530,2024,22800
101240,2024,3840
60590,2024,6550
308170,2024,5930
260930,2024,5270
413630,2024,1720
13990,2024,5120
123860,2024,20600
25980,2024,5300
8700,2024,1319
125210,2024,5870
90430,2024,104800
2790,2024,20800
357580,2024,5110
52710,2024,3735
74430,2024,898
92040,2024,3860
83930,2024,12020
149950,2024,7800
36010,2024,4490
2030,2024,251500
183190,2024,10280
2310,2024,7300
50860,2024,2025
12170,2024,390
136410,2024,6940
246720,2024,4680
67390,2024,504
159010,2024,4190
127710,2024,1628
267850,2024,12020
20560,2024,10400
154030,2024,1935
227610,2024,1049
143160,2024,16710
54800,2024,9400
332370,2024,3690
66430,2024,540
122900,2024,8000
339950,2024,2020
469750,2024,1045
439730,2024,2150
460470,2024,4780
99190,2024,15270
461300,2024,11740
289010,2024,2480
214430,2024,45000
40910,2024,4265
368600,2024,3020
456010,2024,9800
52860,2024,1799
464500,2024,3720
10780,2024,20900
38880,2024,175
3560,2024,10760
307180,2024,2545
101390,2024,2415
461030,2024,10650
451220,2024,7770
90150,2024,845
123010,2024,1144
31310,2024,1906
185490,2024,2560
59100,2024,4890
262840,2024,2290
175250,2024,1815
52460,2024,1991
119830,2024,5290
52770,2024,924
124500,2024,5200
31820,2024,534
10280,2024,639
232830,2024,2900
372800,2024,4670
84850,2024,12750
114840,2024,18690
27360,2024,2430
139990,2024,3885
32080,2024,1216
13310,2024,2405
59120,2024,6580
9320,2024,1004
203690,2024,5600
158430,2024,5730
200350,2024,14750
321820,2024,13170
102950,2024,2525
1540,2024,6530
53800,2024,66200
65660,2024,18890
297570,2024,764
1780,2024,2005
260660,2024,3455
354320,2024,25650
361570,2024,2590
131370,2024,2640
140670,2024,14000
96610,2024,2965
61040,2024,3945
148250,2024,3460
347860,2024,1704
196170,2024,309500
123750,2024,1444
85810,2024,1196
43100,2024,1457
117670,2024,945
314140,2024,5050
291650,2024,1094
293780,2024,6370
18250,2024,13220
161000,2024,6830
310200,2024,2575
299910,2024,6880
179530,2024,2080
900100,2024,992
52790,2024,7090
290740,2024,5060
238090,2024,2920
92600,2024,1157
129890,2024,994
174900,2024,14120
270520,2024,1405
255440,2024,7650
30960,2024,9980
102120,2024,7570
263540,2024,30
238120,2024,3025
19990,2024,4890
11090,2024,578
270660,2024,16450
38680,2024,3950
137310,2024,10280
217480,2024,499
121890,2024,1302
304360,2024,17300
389500,2024,18000
42110,2024,1426
298060,2024,1891
65420,2024,206
103230,2024,3250
260970,2024,44200
101490,2024,25600
95910,2024,1430
275630,2024,3255
31330,2024,2605
60540,2024,1535
56190,2024,19500
80000,2024,1618
5850,2024,30150
246250,2024,1925
41510,2024,75600
10580,2024,1339
7820,2024,3770
464080,2024,13480
109610,2024,3720
365330,2024,7660
12750,2024,59200
19590,2024,921
306040,2024,4930
123700,2024,2880
25530,2024,3230
398120,2024,4040
68400,2024,9600
326030,2024,111100
435870,2024,2080
475660,2024,6440
96630,2024,652
69510,2024,10510
234300,2024,3785
39440,2024,17450
98660,2024,2900
52020,2024,8540
237690,2024,88900
50760,2024,1340
288620,2024,8930
443670,2024,8380
317830,2024,4400
58610,2024,23400
43340,2024,549
23960,2024,1328
163280,2024,13300
298690,2024,2300
54630,2024,158
200710,2024,15950
475580,2024,11990
96690,2024,1634
140910,2024,3130
78520,2024,6980
298380,2024,29900
203400,2024,7240
195990,2024,450
3800,2024,25100
88800,2024,708
241840,2024,7760
453860,2024,18810
312610,2024,1200
15260,2024,580
172670,2024,9390
445090,2024,34400
295310,2024,24500
72990,2024,8190
44990,2024,15840
239610,2024,12340
36170,2024,888
462020,2024,1986
477340,2024,1939
148930,2024,3550
376270,2024,16500
44780,2024,1142
357230,2024,2450
355690,2024,5010
71670,2024,5530
45660,2024,29300
224110,2024,18420
21080,2024,2160
89530,2024,22
200470,2024,2145
262260,2024,5030
7460,2024,776
3060,2024,662
397030,2024,16200
244920,2024,4410
278470,2024,50000
230240,2024,17740
159910,2024,607
230360,2024,10090
38870,2024,3960
97780,2024,893
448280,2024,24400
101360,2024,21900
128540,2024,1304
86520,2024,57500
450080,2024,65800
247540,2024,109900
383310,2024,32500
38110,2024,2290
73540,2024,1332
64850,2024,7820
36810,2024,15730
173940,2024,2775
83500,2024,8020
54940,2024,699
950130,2024,5190
373110,2024,4065
205100,2024,1917
356680,2024,10390
70300,2024,2945
317770,2024,2870
373200,2024,641
69920,2024,903
92870,2024,10600
19490,2024,2940
317870,2024,14090
67570,2024,2310
236810,2024,3105
333620,2024,7650
101400,2024,397
36570,2024,183100
238170,2024,746
78860,2024,7990
391060,2024,10450
422040,2024,2115
437780,2024,2080
438580,2024,2090
439410,2024,2070
440820,2024,2065
451700,2024,1979
466910,2024,1945
481890,2024,1974
181710,2024,17650
265740,2024,4595
354200,2024,1642
455900,2024,23050
419080,2024,9180
208860,2024,2205
183490,2024,1425
85310,2024,862
182400,2024,2020
348370,2024,132900
69410,2024,3785
227950,2024,435
291230,2024,1913
4250,2024,4295
48830,2024,1081
96870,2024,2480
900140,2024,1603
376190,2024,3820
290650,2024,24100
66970,2024,81000
156100,2024,6630
10120,2024,160800
311060,2024,4195
73110,2024,6300
83310,2024,8350
37950,2024,1020
170920,2024,8790
58630,2024,5170
58970,2024,64500
169330,2024,1995
97520,2024,19180
373170,2024,6890
179290,2024,8120
484870,2024,42850
9780,2024,5520
123040,2024,2390
432980,2024,5830
323230,2024,161
413390,2024,5940
32790,2024,947
33160,2024,6580
347890,2024,5430
33310,2024,1777
259630,2024,7700
105550,2024,2525
115960,2024,14120
60850,2024,5170
14440,2024,3560
143540,2024,662
111770,2024,42400
9970,2024,83200
3520,2024,1988
670,2024,384500
6740,2024,1160
12280,2024,900
265560,2024,6580
12160,2024,406
36000,2024,1876
250930,2024,456
53280,2024,4585
122640,2024,9820
900300,2024,461
45060,2024,2535
192410,2024,1904
80520,2024,3005
7310,2024,395500
39830,2024,5980
322310,2024,16090
46120,2024,1922
14940,2024,5210
2630,2024,1547
65500,2024,6630
271560,2024,102400
1800,2024,15060
10470,2024,6920
417860,2024,8080
352910,2024,6290
53980,2024,3360
36220,2024,11390
52420,2024,1422
52300,2024,300
39200,2024,24350
226400,2024,6500
31510,2024,1231
368970,2024,2765
138080,2024,10430
80580,2024,4430
67170,2024,3220
353590,2024,4265
173130,2024,8440
440320,2024,5970
49480,2024,2400
394280,2024,13930
309930,2024,2170
476060,2024,16340
382150,2024,6340
5320,2024,425
244460,2024,5190
226950,2024,19260
57540,2024,735
131030,2024,6100
82210,2024,1673
109080,2024,8930
380540,2024,1288
153710,2024,4645
432430,2024,4250
338840,2024,7690
122990,2024,5100
232140,2024,10210
112290,2024,13060
65530,2024,1298
67900,2024,6130
7530,2024,2410
155650,2024,3340
273640,2024,10390
251370,2024,9790
209640,2024,12350
273060,2024,723
122870,2024,45800
19210,2024,5120
11690,2024,2025
79000,2024,5310
403490,2024,1443
316140,2024,15370
32820,2024,1666
41190,2024,6920
115440,2024,8750
46970,2024,1434
82850,2024,2640
215360,2024,9990
72470,2024,2400
73560,2024,1249
37400,2024,1042
153490,2024,711
101170,2024,4760
6980,2024,14850
66590,2024,3020
17370,2024,5700
103840,2024,3230
46940,2024,2435
215380,2024,1700
65680,2024,16900
105840,2024,6370
18620,2024,885
10400,2024,3295
457550,2024,14090
49800,2024,2060
16880,2024,837
95720,2024,1567
396470,2024,7530
5820,2024,12600
307280,2024,1148
32940,2024,3385
240810,2024,22350
74600,2024,17820
104830,2024,17240
14190,2024,1429
217820,2024,2235
30530,2024,2550
12620,2024,7150
382840,2024,9480
336570,2024,4395
376980,2024,5630
8370,2024,3980
8290,2024,453
101160,2024,16940
336060,2024,1230
95270,2024,3825
289930,2024,7060
10600,2024,545
65950,2024,2150
76080,2024,1038
43590,2024,860
196700,2024,1160
69080,2024,13710
53580,2024,9770
71460,2024,613
377460,2024,1691
44340,2024,4630
330350,2024,7040
348350,2024,6910
112040,2024,35150
101730,2024,7610
123420,2024,6910
65370,2024,5590
38620,2024,749
299900,2024,1381
36090,2024,707
459100,2024,9730
136540,2024,12250
97800,2024,616
192390,2024,3750
8600,2024,700
335870,2024,1232
900340,2024,1671
33270,2024,18210
14830,2024,72300
446070,2024,3575
36200,2024,5890
18000,2024,758
910,2024,5030
47400,2024,2170
203450,2024,2710
11330,2024,1486
77500,2024,6650
11320,2024,3430
86390,2024,8790
241690,2024,3025
142210,2024,4855
389680,2024,689
88340,2024,10970
48430,2024,7630
206650,2024,12150
89850,2024,6440
84440,2024,961
32620,2024,3440
264450,2024,8000
78070,2024,10090
2920,2024,1849
24800,2024,1877
700,2024,5330
54930,2024,23400
69330,2024,1279
49520,2024,5140
435380,2024,2075
444920,2024,1993
446150,2024,2025
449020,2024,2005
450940,2024,2035
473050,2024,1945
474490,2024,1945
430700,2024,2080
3470,2024,2630
263770,2024,1942
72130,2024,6040
220,2024,4505
388720,2024,29450
340930,2024,1309
23410,2024,3295
388800,2024,2090
442130,2024,2125
56080,2024,6240
468760,2024,2090
488060,2024,1995
1200,2024,2435
84370,2024,31300
240600,2024,4715
221800,2024,2665
179900,2024,26100
263050,2024,1924
100,2024,119500
3460,2024,2195
191410,2024,1455
372170,2024,35450
146060,2024,1100
8730,2024,20700
72770,2024,1318
8250,2024,5180
39020,2024,4160
25820,2024,3945
67920,2024,5290
44960,2024,4765
303530,2024,7090
296640,2024,6220
302430,2024,7170
214320,2024,19390
462350,2024,17100
274400,2024,4425
73490,2024,20700
215790,2024,470
344860,2024,1481
88390,2024,7790
272290,2024,20100
53350,2024,3250
452400,2024,9300
264850,2024,4460
54210,2024,5100
9730,2024,1100
164060,2024,7090
65440,2024,1416
88260,2024,4105
139480,2024,63400
115610,2024,2630
478110,2024,1994
131400,2024,1813
351330,2024,6720
80010,2024,5130
457190,2024,31450
86890,2024,4450
7660,2024,27350
5950,2024,6100
15020,2024,1899
47560,2024,23150
900110,2024,60
239340,2024,1767
67010,2024,2955
93230,2024,1392
456070,2024,17300
102710,2024,16820
74610,2024,1020
41520,2024,4905
63760,2024,2060
123570,2024,2300
83470,2024,1413
95190,2024,2195
91120,2024,28800
102460,2024,12840
39030,2024,139200
294090,2024,3175
88290,2024,1063
84680,2024,1500
181340,2024,75
353810,2024,4210
350520,2024,3830
334890,2024,4390
99750,2024,17170
377330,2024,4355
35810,2024,2755
160600,2024,3100
92130,2024,12940
96040,2024,271
134060,2024,4010
1840,2024,2900
760,2024,10250
24810,2024,899
14990,2024,915
41830,2024,23200
352940,2024,2020
101140,2024,9340
216400,2024,5410
79950,2024,726
389470,2024,21300
277410,2024,1324
60150,2024,5380
33230,2024,1787
450520,2024,3840
6490,2024,1515
465480,2024,7600
37330,2024,1400
100030,2024,17100
23800,2024,5680
34590,2024,24600
211050,2024,5610
83640,2024,285
64090,2024,2945
216050,2024,7380
49070,2024,16640
311960,2024,3960
119610,2024,24900
17250,2024,1082
129260,2024,2415
51370,2024,9180
64290,2024,10030
189300,2024,37500
150840,2024,5850
48530,2024,5610
23810,2024,5770
115310,2024,20700
39290,2024,8040
71200,2024,4145
101930,2024,30050
249420,2024,11770
230,2024,8140
13360,2024,3660
3120,2024,15500
333430,2024,4280
68330,2024,1035
3200,2024,7580
7110,2024,2160
7570,2024,11410
178780,2024,8650
8500,2024,10860
19540,2024,3600
81000,2024,10890
20760,2024,830
103590,2024,27250
94820,2024,7970
271940,2024,16230
15860,2024,3775
226320,2024,10670
950140,2024,6820
49550,2024,3600
389020,2024,46750
254120,2024,1265
43910,2024,590
234920,2024,4190
289220,2024,5720
317400,2024,3205
33240,2024,11790
174880,2024,2650
49630,2024,664
417840,2024,6790
950,2024,18440
79900,2024,35500
110020,2024,2350
208140,2024,2665
40420,2024,6090
45510,2024,734
217190,2024,6780
95700,2024,5340
72520,2024,389
122310,2024,5500
361390,2024,14550
225220,2024,2225
123330,2024,22950
381620,2024,22850
159580,2024,5430
147830,2024,5500
33100,2024,45950
79370,2024,11880
54950,2024,19060
23440,2024,1693
90470,2024,5140
287410,2024,12900
137950,2024,3870
33320,2024,5240
417500,2024,3105
348950,2024,2755
204270,2024,18870
127120,2024,5680
194370,2024,14150
26040,2024,2290
452160,2024,4780
126880,2024,3595
322510,2024,8150
33050,2024,802
94970,2024,2900
418550,2024,13950
25620,2024,3840
420570,2024,9100
89790,2024,3595
30000,2024,16950
52670,2024,2080
271980,2024,11400
412540,2024,6670
1560,2024,9140
199820,2024,8590
38010,2024,5690
2620,2024,7820
80220,2024,8920
6220,2024,8530
89590,2024,7500
216080,2024,15500
337930,2024,6190
229000,2024,1970
82270,2024,14800
44060,2024,732
4910,2024,5960
4700,2024,54600
1550,2024,10500
462520,2024,15460
120030,2024,95200
34940,2024,979
67000,2024,1512
18470,2024,1395
2600,2024,172900
185750,2024,89000
63160,2024,22000
1630,2024,47700
33340,2024,620
36930,2024,29450
109070,2024,4100
44380,2024,302
72020,2024,9800
440,2024,15960
51980,2024,8390
228760,2024,20450
314130,2024,2750
13890,2024,23600
389030,2024,1375
263860,2024,9330
303030,2024,1125
36180,2024,577
208350,2024,2995
289860,2024,7350
144510,2024,23700
358570,2024,8830
382480,2024,1998
382800,2024,3330
51160,2024,8120
53050,2024,3270
388610,2024,14500
119850,2024,8210
65060,2024,265
204840,2024,977
13870,2024,3670
71320,2024,41400
311320,2024,7230
388050,2024,6320
88790,2024,1651
18120,2024,16900
109820,2024,2720
86060,2024,3290
36890,2024,8770
363250,2024,8440
3780,2024,8650
7370,2024,5820
10640,2024,6640
100250,2024,3080
51630,2024,3225
272450,2024,9620
285800,2024,2065
11000,2024,2115
250030,2024,5700
2780,2024,795
85660,2024,11460
261780,2024,3060
351870,2024,9890
9310,2024,336
94850,2024,5400
4650,2024,8990
278280,2024,36350
650,2024,35950
362320,2024,5350
12600,2024,2490
66360,2024,778
33250,2024,1125
47820,2024,5400
94360,2024,15720
16920,2024,2130
284620,2024,3170
35720,2024,38200
293490,2024,16380
323410,2024,21050
377300,2024,26250
140430,2024,2370
42000,2024,33900
6380,2024,3660
313760,2024,3935
317530,2024,4735
71850,2024,1997
198080,2024,2395
210120,2024,22750
50110,2024,859
452300,2024,2700
119860,2024,18000
451760,2024,9920
900310,2024,556
78340,2024,46500
63080,2024,33750
307930,2024,4850
79190,2024,541
263700,2024,2515
214370,2024,28800
221980,2024,11250
900280,2024,6
38530,2024,220
1620,2024,487
424140,2024,2080
436530,2024,4760
458320,2024,2135
476470,2024,2095
192250,2024,7840
431190,2024,5210
29460,2024,16590
2380,2024,235500
344820,2024,37600
115500,2024,14350
281820,2024,26050
89150,2024,2460
9070,2024,3915
25880,2024,2625
93320,2024,76500
93640,2024,4380
73010,2024,4260
105330,2024,3475
53080,2024,12400
199430,2024,6800
432470,2024,10700
272110,2024,13550
39420,2024,2570
83550,2024,2995
32500,2024,8780
225430,2024,685
102370,2024,3440
68100,2024,3000
106080,2024,2210
381970,2024,12810
145270,2024,953
30200,2024,43850
53210,2024,4725
36030,2024,3520
33780,2024,107100
64820,2024,5740
24880,2024,3910
42040,2024,276
54410,2024,3270
258610,2024,1268
274090,2024,9770
89010,2024,15770
220260,2024,4885
52400,2024,27650
402030,2024,19470
391710,2024,1440
46070,2024,10280
47770,2024,1535
80530,2024,1068
417310,2024,4220
357120,2024,4085
104540,2024,5110
27050,2024,2325
7810,2024,9120
190650,2024,5480
123410,2024,4375
3690,2024,7950
36690,2024,2885
49430,2024,10310
183300,2024,36600
41960,2024,3860
89890,2024,6570
360350,2024,7820
82660,2024,480
192820,2024,149100
44820,2024,8660
222040,2024,3085
241710,2024,55300
5070,2024,51500
5420,2024,15300
355150,2024,5080
71950,2024,9000
166480,2024,3880
45970,2024,3955
196450,2024,726
384470,2024,6040
29960,2024,9000
2020,2024,14030
138490,2024,5270
3070,2024,8810
450140,2024,2350
102940,2024,23000
120110,2024,27150
950160,2024,23250
21240,2024,66900
33290,2024,2100
56360,2024,8020
282880,2024,13070
121850,2024,1448
448710,2024,14810
126730,2024,9910
15710,2024,4475
52330,2024,7850
322780,2024,764
36420,2024,8800
200130,2024,11550
24720,2024,6730
294570,2024,16280
192400,2024,23000
284740,2024,20650
317690,2024,6460
78940,2024,2855
227100,2024,612
432720,2024,9380
365270,2024,6020
348080,2024,593
60280,2024,6460
372320,2024,31050
51780,2024,1068
115180,2024,4315
445680,2024,18560
182360,2024,15500
405100,2024,11700
66310,2024,10370
16600,2024,265
355390,2024,15160
264900,2024,7790
5740,2024,5500
259960,2024,312500
96240,2024,14600
40350,2024,567
114120,2024,250
110790,2024,6020
900250,2024,824
45520,2024,4380
214150,2024,47650
466100,2024,8910
237880,2024,17200
139670,2024,2875
20120,2024,3360
487720,2024,1936
489480,2024,1927
413600,2024,2105
433530,2024,2000
446840,2024,2130
39490,2024,116200
54780,2024,5020
256940,2024,5210
219130,2024,12780
336680,2024,9850
360070,2024,26150
65130,2024,5450
134580,2024,1580
14580,2024,4540
15890,2024,4900
6890,2024,11220
23160,2024,17660
3240,2024,607000
11280,2024,1936
323280,2024,24050
53620,2024,6250
4100,2024,2530
9410,2024,2410
44490,2024,11890
124560,2024,2890
1420,2024,3700
191420,2024,12490
73640,2024,654
66700,2024,3120
95610,2024,15500
55490,2024,12720
64520,2024,1833
89030,2024,38450
54450,2024,12700
78000,2024,9770
200230,2024,5870
214420,2024,6180
393210,2024,4245
475960,2024,15350
215480,2024,2735
51360,2024,19950
45340,2024,9430
108230,2024,4550
79970,2024,980
199800,2024,38250
417790,2024,10000
290090,2024,7000
26150,2024,6320
464280,2024,13240
117730,2024,7530
33830,2024,817
84870,2024,1218
57680,2024,1012
204610,2024,1554
64760,2024,70900
246710,2024,4335
340570,2024,66900
43220,2024,383
277880,2024,5030
131290,2024,41250
19180,2024,3160
425420,2024,16160
131100,2024,1280
356860,2024,13050
62860,2024,2515
363280,2024,2720
321550,2024,4315
91810,2024,2400
4870,2024,676
425040,2024,7830
241790,2024,4630
22220,2024,968
69260,2024,17050
104480,2024,1744
81150,2024,2925
130740,2024,1930
217880,2024,2560
84730,2024,8900
58530,2024,1620
440110,2024,15000
34230,2024,9600
33540,2024,1412
388870,2024,7570
43200,2024,543
214450,2024,262500
217950,2024,29500
208340,2024,2915
5690,2024,8280
177830,2024,3025
37070,2024,4765
150900,2024,4900
37030,2024,2280
47310,2024,6050
368770,2024,4870
170790,2024,8780
49120,2024,1024
38950,2024,3385
387570,2024,14410
441270,2024,5280
106240,2024,1071
131760,2024,1026
65690,2024,997
140860,2024,211500
91700,2024,6930
32800,2024,578
318010,2024,3745
36580,2024,2195
27710,2024,1143
4720,2024,4090
266350,2024,499
225590,2024,954
54300,2024,489
68050,2024,2050
28670,2024,3300
222110,2024,5700
271830,2024,1571
10820,2024,2965
16800,2024,40800
263750,2024,27700
251970,2024,43500
1020,2024,836
168360,2024,5230
87010,2024,101800
90080,2024,890
10770,2024,2525
64800,2024,1318
119500,2024,3000
389140,2024,5030
105760,2024,5910
22100,2024,19080
58430,2024,28900
9520,2024,11950
47050,2024,39650
3670,2024,142100
189690,2024,1994
318020,2024,2890
256630,2024,1150
331380,2024,1945
208710,2024,435
472850,2024,5230
39980,2024,3000
41910,2024,5360
234100,2024,1094
41020,2024,5410
114630,2024,513
290720,2024,2760
5670,2024,5020
94940,2024,6950
57880,2024,8790
7330,2024,8480
17810,2024,10700
93380,2024,2265
23900,2024,9260
103140,2024,49950
5810,2024,25850
371950,2024,8850
370090,2024,26450
445180,2024,5290
151910,2024,640
341170,2024,1268
220100,2024,17310
35200,2024,3410
334970,2024,5090
950210,2024,15110
321260,2024,2060
53610,2024,21850
303360,2024,2740
377220,2024,1850
335810,2024,2825
53160,2024,13610
405000,2024,1324
41590,2024,789
367000,2024,3920
75130,2024,2425
9810,2024,372
237820,2024,5530
23770,2024,3345
19570,2024,268
300080,2024,18050
33790,2024,5080
150440,2024,401
32580,2024,1200
51380,2024,2465
241820,2024,554
237750,2024,4085
460940,2024,10700
319660,2024,16500
31980,2024,38050
2230,2024,3915
43370,2024,10060
239890,2024,7800
347740,2024,2105
137400,2024,37850
257370,2024,3460
147760,2024,2840
128660,2024,3015
6140,2024,4500
376180,2024,2330
304840,2024,3070
87600,2024,6490
291810,2024,1771
378340,2024,13050
161580,2024,18250
347770,2024,1640
163730,2024,8500
417180,2024,2860
446750,2024,2050
448370,2024,2055
454750,2024,1997
454640,2024,2070
469880,2024,1949
469900,2024,1998
475240,2024,2095
475250,2024,2045
484130,2024,2000
406760,2024,1575
418170,2024,1898
427950,2024,5700
430230,2024,1762
435620,2024,10370
86790,2024,56800
299030,2024,17150
67310,2024,9240
372290,2024,4790
166090,2024,22950
293480,2024,10900
39130,2024,54300
136480,2024,2805
3380,2024,5440
450330,2024,7020
101670,2024,1870
365590,2024,650
149980,2024,6300
13030,2024,25150
352820,2024,193400
126700,2024,17410
71090,2024,2735
400840,2024,2110
450050,2024,2035
160190,2024,13400
221840,2024,1493
106190,2024,14000
80,2024,19520
140,2024,9100
65650,2024,1215
66130,2024,5380
4590,2024,3985
36460,2024,34700
39340,2024,6300
5430,2024,56800
71050,2024,71300
34950,2024,87400
10040,2024,2150
25540,2024,66900
222980,2024,3250
10100,2024,3095
256840,2024,4150
219750,2024,967
4090,2024,13230
25550,2024,4010
2200,2024,2775
2960,2024,318500
17890,2024,8310
240,2024,16920
80720,2024,2725
123890,2024,2785
15760,2024,20050
41460,2024,2920
6200,2024,694
101680,2024,2975
39740,2024,2390
53300,2024,4240
25770,2024,7840
436610,2024,3375
458610,2024,2095
464440,2024,2055
477530,2024,1988
479880,2024,1987
27970,2024,838
23350,2024,5850
25890,2024,1879
970,2024,6200
104700,2024,8380
62970,2024,4270
17960,2024,11750
23760,2024,547
54040,2024,4935
161890,2024,55100
21650,2024,2255
161390,2024,38400
53590,2024,4
34830,2024,1000
7280,2024,1685
32300,2024,15310
37230,2024,1679
47810,2024,54900
123690,2024,6210
3350,2024,51700
30520,2024,21150
52600,2024,4475
11500,2024,13380
2390,2024,12050
256150,2024,6090
92460,2024,8150
53690,2024,16630
42700,2024,82500
8930,2024,29450
128940,2024,280500
452190,2024,3110
47080,2024,1245
9240,2024,47550
452280,2024,6180
20000,2024,14710
3680,2024,5040
66980,2024,1686
105630,2024,14170
69640,2024,1182
16450,2024,4230
9180,2024,2080
114810,2024,6410
70590,2024,977
213500,2024,8610
14680,2024,97000
4710,2024,3885
10420,2024,1114
4150,2024,2350
25750,2024,643
226440,2024,1530
42520,2024,8820
4960,2024,6390
11700,2024,2700
430690,2024,3820
78350,2024,8530
45100,2024,16570
1750,2024,11740
18880,2024,4010
9420,2024,38650
320000,2024,2550
214870,2024,6920
91440,2024,6380
276730,2024,2670
14130,2024,3325
24740,2024,1993
5860,2024,3600
300720,2024,14520
2220,2024,1910
6390,2024,13550
3300,2024,14000
7770,2024,11150
51600,2024,44100
52690,2024,53000
130660,2024,9360
198940,2024,756
58450,2024,2040
107640,2024,23650
2320,2024,19010
3480,2024,3680
180640,2024,75400
5110,2024,1254
79170,2024,6710
9460,2024,713
372910,2024,3140
54920,2024,3170
457370,2024,8980
2680,2024,714
880,2024,26900
452260,2024,1094
451800,2024,3480
489790,2024,31600
88350,2024,2460
370,2024,4030
9830,2024,16120
272210,2024,22600
12450,2024,326500
82740,2024,18440
42660,2024,37350
3530,2024,3360
386580,2024,2090
430460,2024,1542
455310,2024,2010
195870,2024,23400
34810,2024,5710
59270,2024,5230
76610,2024,995
101530,2024,6000
220180,2024,2790
143210,2024,1832
900270,2024,277
214180,2024,12340
234340,2024,14680
84990,2024,2700
187660,2024,1677
720,2024,25400
170030,2024,4915
453340,2024,14440
86280,2024,118100
64350,2024,49700
79430,2024,7630
12330,2024,236500
319400,2024,3385
48410,2024,14110
52260,2024,4515
69960,2024,47250
4560,2024,11190
16790,2024,994
4310,2024,3585
41440,2024,8250
39010,2024,6100
17800,2024,52400
307950,2024,126100
11210,2024,37800
90850,2024,5190
5380,2024,212000
4020,2024,21050
5440,2024,4885
1500,2024,7440
11760,2024,19110
227840,2024,10300
126560,2024,3785
1450,2024,24700
57050,2024,45400
460930,2024,13430
92300,2024,2575
138360,2024,628
11080,2024,784
308100,2024,2990
93240,2024,2055
3010,2024,4895
111110,2024,7780
8770,2024,36900
64240,2024,2250
39610,2024,7390
378850,2024,3000
241590,2024,8650
6060,2024,4450
13520,2024,1511
10690,2024,6830
126640,2024,1229
133820,2024,916
127980,2024,5900
61250,2024,1282
10660,2024,2600
850,2024,26450
16580,2024,11810
32560,2024,4845
4800,2024,46900
94280,2024,12210
97870,2024,6920
298040,2024,393000
298020,2024,239000
298000,2024,39600
93370,2024,4975
290270,2024,3240
5870,2024,7710
353190,2024,707
90710,2024,1490
78590,2024,564
205470,2024,1637
115160,2024,1242
28080,2024,2400
175140,2024,4710
200670,2024,42250
79980,2024,2580
65510,2024,8140
5010,2024,3780
263920,2024,963
243070,2024,27400
84110,2024,43250
145020,2024,280500
24060,2024,12490
10240,2024,5320
189980,2024,1620
540,2024,3670
3280,2024,1608
37440,2024,4960
238490,2024,3455
